PurchaseDate,Location,PC1,PC2
2023-04-11,Tokyo,1.9435392602102584,-0.2243636670425636
2023-04-11,London,-0.3505555856693258,0.23215719583457203
2023-04-11,New York,-0.4363787584737382,0.26957644350980836
2023-04-11,London,-0.4048156537918007,0.25581480323365163
2023-04-11,Paris,-0.2888082056426722,0.20523509040530674
2023-04-11,Paris,1.8163825443197876,-0.1689228287468423
2023-04-11,New York,-0.7857285336209185,1.6702298520765118
2023-04-11,Tokyo,1.82938741193216,-0.17459300320287216
2023-04-12,New York,-1.1234627140086106,-1.5484982268246354
2023-04-12,New York,1.8363934765839198,-0.17764767550018265
2023-04-12,Paris,1.7594207765057328,-0.14408726944270325
2023-04-12,London,-0.26051086719936495,0.19289733731182485
2023-04-12,London,-0.7588368848265912,1.6585049853097746
2023-04-12,London,1.8719207156103534,-0.1931376942551057
2023-04-12,Tokyo,-1.1049738660777677,-1.5565594387018828
2023-04-12,New York,-0.9082176056883057,-1.6423459576405957
2023-04-12,Tokyo,-1.0601126687133664,-1.576119100741082
2023-04-12,London,-0.6801742234665893,1.6242077493531046
2023-04-12,Paris,-1.0401174049644293,-1.5848371159589327
2023-04-12,New York,-0.8237358747668888,1.6868012053060102
2023-04-12,Paris,-0.7709553621507536,1.6637886900438448
2023-04-12,Tokyo,-0.8169693145616904,1.6838509579083205
2023-04-12,London,-0.2861288895442198,0.20406689783665508
2023-04-12,London,-0.9844091183660253,-1.6091261524239364
2023-04-12,London,1.8873676332339304,-0.19987261231380832
2023-04-12,Tokyo,-0.6235303026750746,1.5995107726260323
2023-04-12,London,1.8258754261690253,-0.1730617633196518
2023-04-13,Paris,-0.8437132316413165,1.6955114130547304
2023-04-13,Paris,1.922547926566746,-0.2152113613543273
2023-04-13,Paris,-0.7076724676349194,1.6361970941366368
2023-04-13,London,-0.9961627431220611,-1.6040015248734003
2023-04-13,Tokyo,1.7626059618090733,-0.1454760230142923
2023-04-13,London,1.9505318947061407,-0.22741248373802536
2023-04-13,London,-0.6707753527085253,1.62010980399323
2023-04-13,Tokyo,-0.691533896983421,1.629160612582769
2023-04-13,Tokyo,-0.9983943873577814,-1.603028519033011
2023-04-13,New York,-1.0764392615472125,-1.5690006407613437
2023-04-13,Paris,-1.1009067672048447,-1.5583327101281488
2023-04-13,London,-0.29504427469053285,0.20795404153000518
2023-04-13,Paris,-0.6396957336383374,1.6065589653835968
2023-04-13,Paris,-0.2768016462841927,0.20000018235330308
2023-04-13,London,1.8357779277726636,-0.1773792937488216
2023-04-13,Paris,-0.9207770397972599,-1.636869993979188
2023-04-13,Tokyo,-0.926182677539752,-1.634513114235417
2023-04-13,London,1.881165139575775,-0.19716830019372936
2023-04-13,Paris,-0.27257562389999984,0.198157619638503
2023-04-13,London,-0.7198446655826098,1.6415042212780988
2023-04-13,New York,-0.2661739162629286,0.19536644942434778
2023-04-13,New York,-0.945551200680864,-1.6260683604371338
2023-04-13,Tokyo,1.7649987679153771,-0.14651929607685676
2023-04-14,New York,1.782377389626644,-0.15409644486801194
2023-04-14,Paris,-0.9094710869039562,-1.641799434801461
2023-04-14,Tokyo,-0.8220593436409563,1.6860702310086662
2023-04-14,Paris,1.7713982371931345,-0.14930949035737073
2023-04-14,Paris,-0.41115021064946156,0.2585766954385625
2023-04-14,Tokyo,-1.0877026856135565,-1.5640897426782558
2023-04-14,Tokyo,-1.0707538288905125,-1.571479512210279
2023-04-14,New York,-1.1190867215504026,-1.5504061770934028
2023-04-14,Tokyo,1.7761995179209387,-0.15140286801798733
2023-04-14,Tokyo,1.8224843118088285,-0.17158322385306227
2023-04-14,Tokyo,-0.8076375945830362,1.6797822905576854
2023-04-14,Tokyo,-0.972082473625692,-1.6145006189866475
2023-04-14,New York,1.7740730765729602,-0.15047573105873976
2023-04-14,London,-1.0125945388436493,-1.5968371960125198
2023-04-14,New York,1.8163422538521417,-0.16890526194129876
2023-04-14,New York,-1.096839668331922,-1.5601059815544145
2023-04-14,Tokyo,-0.3987340315365824,0.2531631915301989
2023-04-14,New York,-0.7150456232141201,1.6394118195511234
2023-04-15,London,-0.3345513165766559,0.2251792702991834
2023-04-15,London,-0.32094656866822224,0.21924754562728213
2023-04-15,London,-0.7596986531623505,1.6588807197616802
2023-04-15,Paris,-0.7241288853089579,1.6433721582675722
2023-04-15,New York,1.7929312537905575,-0.1586979719868037
2023-04-15,Paris,1.9011469731688297,-0.20588045980973224
2023-04-15,London,1.7926044533307628,-0.15855548567517175
2023-04-15,Tokyo,-0.43189532476847536,0.2676216484262536
2023-04-15,Paris,-1.0518710297204652,-1.5797124884083973
2023-04-15,New York,-0.3865640719482052,0.24785704032237918
2023-04-15,Paris,1.8207540600593684,-0.1708288271483274
2023-04-15,New York,-0.6350779983742538,1.6045456142815675
2023-04-15,Paris,-0.3286039958802575,0.2225862146142141
2023-04-15,New York,-0.7126416253112476,1.6383636668203525
2023-04-16,Tokyo,1.9362019183800807,-0.2211645565663387
2023-04-16,Tokyo,-0.6791624850568146,1.623766627347231
2023-04-16,Paris,1.8223321033754998,-0.17151686036545263
2023-04-16,Paris,-0.7490776382190274,1.654249914633649
2023-04-16,Paris,1.9142391367944351,-0.21158869567777322
2023-04-16,London,-0.7331293281091901,1.6472963874392925
2023-04-16,London,1.744705802377723,-0.1376714816847109
2023-04-16,Paris,-1.0915369951178584,-1.562417968350686
2023-04-16,New York,-0.9257372440363335,-1.6347073250300381
2023-04-16,London,-0.7311953856621869,1.6464531807731981
2023-04-16,New York,-0.6458154080018874,1.609227167958947
2023-04-16,Tokyo,-0.7620981743465957,1.6599269206251683
2023-04-16,Paris,-1.014161390363212,-1.5961540424636007
2023-04-16,Paris,-0.3188828013810265,0.21834773480999145
2023-04-16,New York,-0.7890815958727835,1.6716918006711987
2023-04-16,New York,1.9351946566889326,-0.22072538642774725
2023-04-17,Paris,-0.8387955562292025,1.6933672868447647
2023-04-17,Tokyo,1.9280229534479618,-0.21759849504097967
2023-04-17,Paris,1.8141799987551446,-0.16796251004379018
2023-04-17,Tokyo,-0.7924682335143532,1.6731683882705055
2023-04-17,Paris,-0.7521016616517838,1.6555684009830631
2023-04-17,New York,-0.6814053210891033,1.6247445128558269
2023-04-17,London,-0.8120471624309492,1.681704879831072
2023-04-17,London,-0.38664241452418324,0.24789119799982443
2023-04-17,Tokyo,1.7523744213863273,-0.14101503033984986
2023-04-17,Tokyo,-0.35525166350939635,0.23420470461404805
2023-04-17,London,-0.6410611328196707,1.6071542849047975
2023-04-17,Paris,-0.2719108311838427,0.19786776734703337
2023-04-17,London,1.838954159638749,-0.178764143585845
2023-04-17,New York,-0.838898520757631,1.6934121797922654
2023-04-17,Tokyo,-1.1137146591976155,-1.5527484178325548
2023-04-17,Tokyo,1.8204787418637876,-0.1707087873104458
2023-04-17,Tokyo,1.862866552186593,-0.18919004267599399
2023-04-17,London,-0.33616965036043317,0.22588487032185275
2023-04-18,Tokyo,-0.9477962750724661,-1.6250894989948963
2023-04-18,New York,-0.9702000134429026,-1.6153213791789918
2023-04-18,Tokyo,1.8384930576201344,-0.17856310125573444
2023-04-18,Paris,-1.0413417875090023,-1.5843032802571348
2023-04-18,London,-0.4220331136324833,0.2633216848026279
2023-04-18,Paris,-0.8229076818208341,1.6864401098587238
2023-04-18,New York,-0.9395210606898602,-1.6286975256668317
2023-04-18,New York,-1.0726385274326153,-1.5706577760842926
2023-04-18,Paris,1.8615436818322193,-0.18861326589397767
2023-04-18,London,-0.6798787600371861,1.6240789261124513
2023-04-18,London,-1.0097518225152993,-1.5980766317369879
2023-04-18,New York,-0.3056205224475827,0.21256532798521022
2023-04-18,Tokyo,1.8911280768808816,-0.20151218083121494
2023-04-19,London,-0.6701060832737407,1.6198179998344775
2023-04-19,London,-1.1164409808416549,-1.5515597306574356
2023-04-19,Tokyo,-0.44206195277112537,0.27205433902509846
2023-04-19,London,1.7755705389537997,-0.1511286306647788
2023-04-19,Paris,-0.7880989561340862,1.671263365802662
2023-04-19,London,1.744455106134593,-0.1375621771168829
2023-04-19,Paris,1.8834751263874736,-0.19817546371156436
2023-04-19,Tokyo,-0.32025043892167343,0.21894403026483333
2023-04-19,Tokyo,-0.44265287962993183,0.27231198550640495
2023-04-19,New York,-0.8202955165017916,1.6853011952993107
2023-04-19,London,1.8794527947008242,-0.19642171095812425
2023-04-19,Paris,1.8462937398282446,-0.18196422999571052
2023-04-19,New York,-0.7174160457272873,1.6404453332772737
2023-04-19,New York,-1.0111933259132972,-1.5974481304719823
2023-04-19,Paris,-0.7602448128348841,1.659118847570161
2023-04-20,London,-0.7771063735446949,1.6664705556901733
2023-04-20,Paris,-0.37872309927244946,0.24443834477685844
2023-04-20,New York,1.923837221531415,-0.21577349913172392
2023-04-20,New York,-0.441110650062819,0.27163956722754024
2023-04-20,London,1.9143779150718823,-0.21164920356353414
2023-04-20,London,-0.9368663665438579,-1.6298549829654283
2023-04-20,Paris,-0.28541709128247517,0.20375655093871767
2023-04-20,London,-1.0491894752626991,-1.5808816569106905
2023-04-21,London,-0.8434289600084814,1.6953874694822828
2023-04-21,London,-1.0087602293393472,-1.59850897034009
2023-04-21,New York,-0.3126892611601253,0.21564732642447734
2023-04-21,London,-0.9060665423878773,-1.6432838298698984
2023-04-21,Paris,-0.2983212327257331,0.2093828083808882
2023-04-21,London,1.8351758091172885,-0.1771167675993083
2023-04-21,New York,1.8874817895589273,-0.19992238492951564
2023-04-21,New York,-0.3521067686737021,0.23283351784800307
2023-04-21,Tokyo,-0.8048015933326274,1.678545782634142
2023-04-21,Paris,-1.0327599179004245,-1.5880450098379293
2023-04-21,Paris,-0.6926351697657424,1.6296407719342956
2023-04-21,Paris,-0.4248176326186779,0.26453574625242116
2023-04-21,Paris,-0.3111336014371308,0.2149690525437646
2023-04-21,New York,1.9135922509527872,-0.21130665085543343
2023-04-21,New York,-1.0939141327089668,-1.561381526823611
2023-04-21,Tokyo,-0.3087363186121994,0.21392382761391823
2023-04-21,Paris,1.8640416908262654,-0.18970240783768308
2023-04-21,Tokyo,-0.8044233106086185,1.6783808498487593
2023-04-21,New York,-0.2776298392302473,0.20036127780058846
2023-04-21,London,-0.31784644101880133,0.217895877534063
2023-04-21,Tokyo,-0.36412451982874977,0.23807330556821346
2023-04-21,Tokyo,-0.2899027633470525,0.20571232195590894
2023-04-21,Paris,1.8107776925983796,-0.1664790909089936
2023-04-22,Tokyo,-0.9141246359170578,-1.6397704687611705
2023-04-22,Tokyo,-0.9194855064732773,-1.6374331076902262
2023-04-22,New York,-0.9830011903577323,-1.6097400146843217
2023-04-22,New York,-0.34665860210425015,0.23045809536504636
2023-04-22,London,-0.9467397694764181,-1.625550139673596
2023-04-22,Tokyo,-0.9040072518193091,-1.644181688819907
2023-04-22,Tokyo,-0.4218338996535674,0.2632348267085509
2023-04-22,New York,1.870098691129033,-0.19234328427107655
2023-04-22,Tokyo,-0.9895439146315643,-1.6068873606507632
2023-04-22,Paris,1.9516577894409122,-0.227903378359606
2023-04-22,Tokyo,1.8972387978071774,-0.20417647967199895
2023-04-22,Tokyo,-0.7229380781540898,1.6428529615703935
2023-04-22,New York,-0.7634389515754789,1.6605115048763144
2023-04-23,Paris,1.7639176403668786,-0.14604792012810186
2023-04-23,London,-1.0456148154387817,-1.5824402229358676
2023-04-23,New York,1.9196514896148686,-0.2139485032224683
2023-04-23,Tokyo,1.9138630924297404,-0.21142473882603235
2023-04-23,New York,-0.6505607297468495,1.6112961472785305
2023-04-23,New York,-1.0139867983367465,-1.5962301652876236
2023-04-23,New York,-0.99142413645504,-1.6060675763920604
2023-04-23,Paris,1.8753588355161372,-0.19463672832816278
2023-04-23,Tokyo,-1.027045386572647,-1.590536568424202
2023-04-23,London,-0.6585270505441703,1.6147694951079645
2023-04-23,New York,-0.39377830401613595,0.25100247444833107
2023-04-23,Tokyo,-1.1040270400880887,-1.5569722586321577
2023-04-24,New York,-1.0057630662183548,-1.599815745485808
2023-04-24,Paris,-0.23744681283139835,0.18284131707173404
2023-04-24,London,-0.7530552027194037,1.6559841487142626
2023-04-24,New York,-0.2979160896899604,0.2092061643918103
2023-04-24,New York,-0.4371979979825392,0.2699336352225249
2023-04-24,Tokyo,1.8467011212233306,-0.18214184991842958
2023-04-24,London,-0.9940116798216326,-1.6049393971027024
2023-04-24,Paris,1.87294588417601,-0.19358467186282668
2023-04-24,Tokyo,1.9142816656213948,-0.21160723841695828
2023-04-24,Tokyo,1.9554227098064911,-0.22954489874429493
2023-04-24,Tokyo,1.8869781587133532,-0.19970279986021958
2023-04-24,Paris,-0.9948421111270008,-1.604577325721775
2023-04-24,New York,-0.9143417567704832,-1.639675803197963
2023-04-24,Paris,1.8830408846806235,-0.19798613258514927
2023-04-24,London,-0.30360152234666016,0.21168503584074558
2023-04-24,Paris,-0.7691131924356104,1.6629854966570434
2023-04-24,Tokyo,1.8353906916114,-0.17721045722887405
2023-04-24,Tokyo,-0.6959546566279021,1.6310880815243627
2023-04-24,Paris,-0.32284245900689323,0.22007416142147404
2023-04-25,Tokyo,1.8529662889422691,-0.18487348818046487
2023-04-25,New York,-0.27387163394261016,0.19872268521682374
2023-04-25,London,1.8883144592236094,-0.20028543224408335
2023-04-25,Paris,-1.053619188344435,-1.5789502842345315
2023-04-25,New York,-0.6657659045645514,1.6179256645039717
2023-04-25,Paris,1.78223413463057,-0.15403398511496721
2023-04-25,New York,-0.332104789846824,0.2241125748292283
2023-04-25,Tokyo,-0.31074188855724016,0.21479826415653483
2023-04-25,London,-0.36452070942726805,0.23824604582272613
2023-04-25,Tokyo,-0.4449673431602577,0.2733211008915227
2023-04-25,London,1.7894528434171273,-0.1571813711082035
2023-04-25,London,1.8781455928616457,-0.1958517657115977
2023-04-25,Paris,-1.0807033360397371,-1.5671414871746419
2023-04-25,Paris,-0.946607706276912,-1.6256077197584338
2023-04-25,Paris,-0.8392544198885031,1.693567353241234
2023-04-25,London,1.8146008103061133,-0.16814598556835678
2023-04-25,Tokyo,1.8869512984015895,-0.1996910886565238
2023-04-25,Tokyo,-0.31878207521191165,0.21830381779613187
2023-04-25,New York,-0.23222919727125366,0.180566415753833
2023-04-26,New York,-0.25832622850923165,0.19194482607790347
2023-04-26,Tokyo,1.9390043442407847,-0.22238642548526227
2023-04-26,New York,-0.3414029344357736,0.2281666031752433
2023-04-26,London,1.8380006185711288,-0.1783483958546455
2023-04-26,Paris,-0.27696504651408976,0.20007142550911855
2023-04-26,London,1.7844232500393309,-0.15498844821617225
2023-04-26,Tokyo,-0.45150335235614897,0.27617082712415725
2023-04-26,Tokyo,1.899718899926714,-0.20525781414657437
2023-04-26,Tokyo,1.9071480144887563,-0.2084969379020929
2023-04-26,Paris,1.7964589080688875,-0.16023604340551365
2023-04-26,Tokyo,-1.0768690265354355,-1.5688132615022115
2023-04-26,New York,1.7911383279803148,-0.15791624914011246
2023-04-26,Paris,1.8191402029942183,-0.17012517899294016
2023-04-26,New York,-0.41359226066066634,0.2596414390412356
2023-04-26,London,-0.7776279112647785,1.6666979482285986
2023-04-26,London,-0.7424252343388258,1.651349439851666
2023-04-26,Paris,-0.3590792579357573,0.23587355114069336
2023-04-26,London,1.7670379132501224,-0.14740837162409273
2023-04-26,Tokyo,1.788326948682356,-0.15669047648662257
2023-04-26,Tokyo,-1.0423915780271094,-1.5838455673793588
2023-04-27,Tokyo,-0.2723786482803979,0.1980717374780679
2023-04-27,Tokyo,-0.7091363546260542,1.6368353547380563
2023-04-27,New York,-0.32754077520626856,0.22212264613459054
2023-04-27,Tokyo,-0.2777081818062253,0.20039543547803473
2023-04-27,London,-0.24122292499354517,0.1844877171246296
2023-04-27,Paris,1.8320756814678671,-0.1757650995060894
2023-04-27,Paris,-0.9223774667065278,-1.636172201425649
2023-04-27,Paris,-1.006024954258053,-1.5997015612497745
2023-04-27,Tokyo,-0.7611043428113299,1.659493606088425
2023-04-27,Tokyo,-0.3151402646085846,0.2167159737617153
2023-04-27,Tokyo,1.9152799738752881,-0.2120425048209838
2023-04-27,New York,-0.23692079839268781,0.1826119726660249
2023-04-27,New York,-0.374866406175011,0.24275681111287595
2023-04-27,New York,-1.0452320559961457,-1.582607107588532
2023-04-27,Paris,1.8543451182794846,-0.18547466330351434
2023-04-27,Paris,-0.8269456820226792,1.6882006941476528
2023-04-27,London,1.7639825527869752,-0.1460762222037001
2023-04-27,London,-0.41760340055074746,0.2613903121264687
2023-04-27,New York,-0.9239599867412863,-1.635482216341241
2023-04-27,Tokyo,1.9536812662604621,-0.2287856223713536
2023-04-27,New York,1.881017407861073,-0.1971038885734026
2023-04-27,London,-1.0023159928753163,-1.6013186832934303
2023-04-27,London,-1.0079969488133889,-1.598841763711778
2023-04-28,Tokyo,-0.6491326565047341,1.6106735016153724
2023-04-28,Tokyo,-0.7563299223952904,1.6574119396315037
2023-04-28,Paris,-0.9697053360345838,-1.6155370605137223
2023-04-28,London,1.8061778642088056,-0.16447354727609512
2023-04-28,London,1.895197414113118,-0.20328642819112186
2023-04-28,Paris,-0.44179111129417215,0.2719362510544995
2023-04-28,New York,1.7690837736628087,-0.1483003749722526
2023-04-28,New York,-1.0972201894152447,-1.5599400728353916
2023-04-28,Tokyo,-1.0267364929873617,-1.590671247266703
2023-04-28,Paris,-0.701653519440484,1.6335728085751458
2023-04-28,London,1.7744782196087332,-0.15065237504781775
2023-04-28,Tokyo,-0.40434112161730396,0.2556079053016883
2023-04-28,Tokyo,-0.8103236257594298,1.680953410927261
2023-04-28,Paris,-0.6583323132838818,1.6146845888811705
2023-04-28,Tokyo,-0.3428354843965169,0.2287912007056839
2023-04-28,Paris,-0.6782604262534088,1.6233733260897818
2023-04-28,New York,-0.2853969460486521,0.20374776753594548
2023-04-28,Paris,-0.6542786445668413,1.612917173056752
2023-04-29,New York,1.7695874045083828,-0.14851996004154852
2023-04-29,London,-0.3162415373909058,0.2171961331132414
2023-04-29,Tokyo,-0.3481359192512671,0.2311022115683137
2023-04-29,Paris,-0.3730063295853584,0.24194581025694464
2023-04-29,Tokyo,1.7924656750533159,-0.15849497778941082
2023-04-29,London,1.8488544228830728,-0.18308069808137342
2023-04-29,Tokyo,-0.9553462610374459,-1.6217976748227465
2023-04-29,Paris,-0.6317361279189574,1.6030885453550872
2023-04-29,Tokyo,-0.4427871811887516,0.2723705415248834
2023-04-29,New York,1.916211131349771,-0.2124484932157698
2023-04-29,London,1.8676812630702786,-0.1912892759384584
2023-04-29,Tokyo,-0.7538945874620269,1.656350123829755
2023-04-29,Paris,-0.9746364416025797,-1.6133870787019093
2023-04-29,London,-0.9682683093552132,-1.616163609911446
2023-04-29,Tokyo,-0.7013088121061802,1.633422514794384
2023-04-29,Tokyo,-0.7441487710103452,1.6521009087554774
2023-04-29,Tokyo,1.779104908310071,-0.1526696298844113
2023-04-29,New York,-0.9304825657812954,-1.632638345710454
2023-04-29,London,-1.045493944035844,-1.5824929233524982
2023-04-29,Tokyo,1.765719519614376,-0.14683354670935952
2023-04-29,London,1.7552417596671273,-0.1422652013343719
2023-04-30,Paris,-0.27735675939398075,0.20024221389634833
2023-04-30,New York,-0.300528255009003,0.21034507895122262
2023-04-30,Tokyo,-1.1234291386189055,-1.5485128658292553
2023-04-30,Paris,-0.9147513765248836,-1.6394972073416036
2023-04-30,London,1.8508331325163494,-0.18394342342029382
2023-04-30,London,1.8972835649934503,-0.2041959983448258
2023-04-30,New York,1.7700238845745468,-0.1487102671016042
2023-04-30,Tokyo,-0.7684752600312168,1.6627073555692695
2023-04-30,New York,-0.9676908126522885,-1.6164154007909046
2023-04-30,London,-0.3963994227724335,0.25214529274230935
2023-04-30,Paris,1.8817627815125224,-0.19742887447595964
2023-04-30,Tokyo,-1.0223291634987626,-1.5925928606064492
2023-04-30,Tokyo,-0.9508135834272817,-1.6237739404464067
2023-04-30,Tokyo,-0.7835259880562759,1.6692695333734597
2023-04-30,London,-0.43461269297526023,0.26880643186680797
2023-04-30,London,1.921453368862366,-0.21473412980372533
2023-04-30,Paris,-1.122905362539509,-1.5487412343013225
2023-04-30,London,-0.7529544765502888,1.6559402317004042
2023-04-30,Tokyo,-0.8174975673597143,1.6840812782476697
2023-04-30,Tokyo,-1.036697191933155,-1.5863283425628596
2023-04-30,New York,-0.6968970058989533,1.6314989495873555
2023-05-01,London,1.8129735230850812,-0.16743648181112178
2023-05-01,New York,-1.0432555847221827,-1.5834688569938122
2023-05-01,Tokyo,-1.0983416074313888,-1.5594511300810932
2023-05-01,London,-0.9355770715791889,-1.6304171207428255
2023-05-01,Paris,-1.0868431556371105,-1.5644645011965197
2023-05-01,Tokyo,-0.24473267239736626,0.18601798107420844
2023-05-01,London,-0.432889156303741,0.26805496296299663
2023-05-01,London,-0.9599035606000605,-1.6198106739290328
2023-05-01,New York,-0.3888628669633354,0.2488593241720073
2023-05-01,London,1.829201628109126,-0.17451200071064332
2023-05-01,New York,-1.0986236407049104,-1.5593281624422886
2023-05-01,New York,-0.3382311792883155,0.2267837052055026
2023-05-01,Tokyo,1.9521681353644276,-0.22812589122982585
2023-05-01,London,-0.25421660080934944,0.1901530119124528
2023-05-01,New York,-0.4483674109577095,0.27480354409267765
2023-05-01,London,1.7607481235787341,-0.14466599809200242
2023-05-01,Tokyo,-0.365525732759102,0.23868424002767563
2023-05-01,New York,-0.7005567233767899,1.6330946010909024
2023-05-01,London,-0.7441689162441681,1.652109692158249
2023-05-01,London,-1.0321287005739719,-1.5883202231247795
2023-05-01,Tokyo,-0.9651569899092238,-1.6175201576728713
2023-05-02,Paris,-0.8264375744584782,1.6879791572110747
2023-05-02,Tokyo,-0.7776279112647785,1.6666979482285986
2023-05-02,New York,1.9416590383867869,-0.2235438827838601
2023-05-02,Tokyo,-0.298365999912006,0.2094023270537142
2023-05-02,London,-0.2439783453086624,0.18568909143708556
2023-05-02,New York,-0.9868153546282112,-1.6080770237595243
2023-05-02,London,-1.0046864153884836,-1.60028516956728
2023-05-02,Paris,-1.0457021114520144,-1.5824021615238562
2023-05-02,Tokyo,-0.9091532398814164,-1.6419380173785278
2023-05-02,London,-0.6410947082093758,1.6071689239094173
2023-05-02,Tokyo,-0.6834981870473769,1.625657010810455
2023-05-02,New York,-0.2794585787895088,0.20115861558554174
2023-05-02,New York,1.9134848097057315,-0.21125980604065042
2023-05-02,Paris,-0.793526977469715,1.6736300048828467
2023-05-02,Paris,-0.9792206014769582,-1.6113883666045004
2023-05-02,Tokyo,-1.0008677743993772,-1.60195011235936
2023-05-02,Paris,1.915761221127725,-0.21225233055386616
2023-05-02,Paris,1.7695135386510321,-0.14848775423138497
2023-05-02,Tokyo,-1.033708982249417,-1.587631213974013
2023-05-02,Paris,-0.8267218460913129,1.6881031007835217
2023-05-02,Tokyo,1.7409901259170453,-0.13605143184013066
2023-05-02,Tokyo,-0.411255413537204,0.2586225643197048
2023-05-03,New York,-0.9299699814984672,-1.632861834514315
2023-05-03,London,-0.6372603987050736,1.6054971495818475
2023-05-03,London,1.94809208305425,-0.22634871606899418
2023-05-03,London,1.948085367976309,-0.22634578826806995
2023-05-03,Paris,1.9114277574964764,-0.21036292302428386
2023-05-03,New York,1.7708655076764834,-0.1490772181507384
2023-05-03,Tokyo,-0.6844091992880369,1.6260542158024691
2023-05-03,New York,1.8574452459289057,-0.18682633139673344
2023-05-03,New York,-0.6745693717451815,1.6217640115152565
2023-05-03,Paris,-0.816087400992108,1.6834664400536423
2023-05-03,Tokyo,1.8470547819948893,-0.18229604743375735
2023-05-03,Tokyo,1.8844018071433295,-0.19857950023906845
2023-05-03,Tokyo,-0.33111319667087213,0.22368023622612665
2023-05-03,London,1.76922479029957,-0.14836185879165553
2023-05-03,New York,-0.9778529639363112,-1.6119846620593428
2023-05-04,Tokyo,1.9308544779797434,-0.21883305109724122
2023-05-04,London,-0.8192613944988797,1.684850313957025
2023-05-04,Tokyo,-0.4284974953303374,0.26614018115873966
2023-05-04,London,-0.9123518553406382,-1.6405434082050911
2023-05-04,Tokyo,-0.7958973999828821,1.6746635186089973
2023-05-04,Paris,-0.3000313392413703,0.2101284216828512
2023-05-04,New York,1.8118140529606048,-0.16693094818492185
2023-05-04,Paris,1.7843874362903116,-0.1549728332779115
2023-05-04,Paris,-0.9746185347280705,-1.61339488617104
2023-05-04,London,-0.8322147798470381,1.6904980419393043
2023-05-04,Tokyo,-0.4371129403286198,0.2698965497441547
2023-05-04,New York,1.762758170242402,-0.14554238650190215
2023-05-04,Tokyo,-0.6616115096783957,1.616114331665694
2023-05-04,Tokyo,1.821606874957873,-0.1712006578656676
2023-05-04,Paris,-0.7926405871815052,1.6732435351608865
2023-05-04,London,-0.3187037326359333,0.21826966011868593
2023-05-04,Tokyo,-0.6639058279748985,1.6171146636480407
2023-05-04,London,-0.44208433636426175,0.27206409836151146
2023-05-04,Paris,1.9107786332955148,-0.2100799022683028
2023-05-04,New York,-0.39909216902676786,0.2533193409128088
2023-05-04,London,1.738671185668092,-0.13504036458773028
2023-05-04,Paris,-0.2831384415011679,0.20276305049186052
2023-05-04,London,-0.2528982071736029,0.18957818699771878
2023-05-04,Tokyo,-1.084175031335226,-1.5656278140969657
2023-05-04,Tokyo,-0.7082992082427447,1.6364703555562048
2023-05-04,New York,-0.9424421195941883,-1.6274239322649175
2023-05-04,London,1.9239469011377848,-0.2158213198801485
2023-05-05,Tokyo,-1.124452068825249,-1.5480668641551758
2023-05-05,London,-0.349575184289951,0.23172973689967757
2023-05-05,Paris,1.8579197781034018,-0.18703322932869193
2023-05-05,Tokyo,-0.6907213725525619,1.6288063486709723
2023-05-05,Paris,-0.8022610555116215,1.677438097951251
2023-05-05,New York,1.826940885202328,-0.17352630773291675
2023-05-05,Paris,-0.4323138979601299,0.26780414801717933
2023-05-05,New York,-0.6405798855672334,1.6069444591719155
2023-05-05,Paris,-0.2895334340602983,0.2055512929050922
2023-05-05,Tokyo,-0.25159995877167945,0.189012145485757
2023-05-05,Paris,-0.9264311354235684,-1.6344047856012307
2023-05-05,Paris,1.7962283570595803,-0.16013552224045818
2023-05-05,Paris,-0.7197014105865356,1.6414417615250545
2023-05-05,London,-0.3666919179615195,0.23919270145480004
2023-05-05,New York,1.8252128718121816,-0.17277288696182322
2023-05-05,New York,1.8461683917066796,-0.18190957771179733
2023-05-05,Paris,-0.7749709787594621,1.6655395149963603
2023-05-05,Paris,-0.8434647737575003,1.6954030844205434
2023-05-05,London,-0.8140885461250082,1.6825949313119495
2023-05-06,Paris,-0.7851689437925033,1.6699858686661833
2023-05-06,Tokyo,-0.277916349222396,0.20048619730667677
2023-05-06,Tokyo,-1.0695518299390765,-1.572003588575664
2023-05-06,Tokyo,-0.3909758781554319,0.24978060552940706
2023-05-06,New York,-0.26114432288513106,0.19317352653231684
2023-05-06,London,1.8484134660982816,-0.18288843915403422
2023-05-06,New York,1.763608746781593,-0.14591324128560104
2023-05-06,New York,-0.9982265104092569,-1.6031017140561101
2023-05-06,New York,-0.7273095938936707,1.6447589599718784
2023-05-06,New York,-0.905741980287396,-1.6434253402478884
2023-05-06,Tokyo,-0.6899983824942493,1.6284911221048284
2023-05-06,London,-0.2907399097303623,0.20607732113776037
2023-05-06,New York,-0.36073564382786677,0.23659574203526562
2023-05-06,London,1.9306104968145545,-0.21872667433033785
2023-05-06,Tokyo,1.9551541066888514,-0.22942778670733757
2023-05-06,Tokyo,-1.0930523643732073,-1.561757261275517
2023-05-06,New York,-1.0408851622090154,-1.5845023707199628
2023-05-06,Paris,1.9541490833570174,-0.22898959250238782
2023-05-06,London,-1.0766586207599516,-1.5689049992644948
2023-05-07,Paris,-0.2403857786102356,0.18412271794277807
2023-05-07,London,-0.7190903384939061,1.641175331640976
2023-05-07,Paris,-0.38568663509725,0.24747447433498374
2023-05-07,New York,-0.418948654498258,0.26197684824489775
2023-05-07,New York,-0.6293925657175542,1.6020667428326314
2023-05-07,London,1.7447125174556644,-0.13767440948563475
2023-05-07,London,-0.8140303487828531,1.6825695570372756
2023-05-07,New York,-0.39498030296757214,0.2515265508137167
2023-05-07,Paris,-0.7642201389759467,1.6608521057171328
2023-05-07,London,1.8812546739483214,-0.19720733753938136
2023-05-07,New York,-0.7368830566782004,1.6489330281557746
2023-05-07,Tokyo,-0.37003602677612984,0.24065074631492206
2023-05-07,New York,-0.9293074271416232,-1.633150710872144
2023-05-07,Tokyo,-1.0498229309484652,-1.5806054676901988
2023-05-07,London,-0.3661748569600638,0.23896726078365643
2023-05-07,Paris,-0.7637702287539008,1.6606559430552292
2023-05-07,Paris,-0.9061695069163058,-1.6432389369223983
2023-05-07,Tokyo,-1.0918615572183392,-1.562276457972695
2023-05-08,Paris,-0.7996645587077744,1.676306014927327
2023-05-08,London,1.9176123442801227,-0.21305942767523195
2023-05-08,Tokyo,-1.0173107619175337,-1.5947809038302734
2023-05-08,London,-0.8033354679821791,1.6779065460990814
2023-05-08,New York,-0.3406754676588337,0.2278494247418166
2023-05-08,London,-0.9705648660110296,-1.6151623019954584
2023-05-08,Paris,1.7643115916060834,-0.14621968444897254
2023-05-08,Tokyo,-0.6573631037010663,1.6142620096144815
2023-05-08,Paris,1.7501360620726658,-0.1400390966985363
2023-05-08,London,1.9496992250414587,-0.2270494364234565
2023-05-08,Tokyo,-0.6356554950771786,1.6047974051610256
2023-05-08,Paris,1.9330682153409546,-0.21979824946850005
2023-05-09,London,1.8998554398448473,-0.2053173460986946
2023-05-09,New York,-0.7527597392900003,1.6558553254736097
2023-05-09,Tokyo,-0.6438859422735113,1.608385913160135
2023-05-09,Paris,-0.31575133670121397,0.21698240364579385
2023-05-09,London,-0.41279316638568936,0.2592930307312868
2023-05-09,New York,-0.9297349537705324,-1.632964307546653
2023-05-09,New York,-0.9721652929202975,-1.6144645094419199
2023-05-09,New York,1.8029501500785057,-0.1630662509653215
2023-05-09,London,-1.11940904529157,-1.5502656426490544
2023-05-09,Paris,-1.0216531789860368,-1.592887592566126
2023-05-09,London,-0.9936983095177199,-1.6050760278124865
2023-05-09,Paris,-0.7703219064649874,1.6635125008233524
2023-05-09,New York,-1.0015012300851436,-1.6016739231388681
2023-05-09,New York,-1.0257650450452327,-1.5910948024670333
2023-05-09,New York,1.9016617958109718,-0.20610492454723423
2023-05-09,Paris,1.7518014014020293,-0.14076519132767282
2023-05-09,Paris,-0.43537597350121865,0.26913922523849554
2023-05-10,Tokyo,-0.24886916040901255,0.18782150644335543
2023-05-10,New York,-1.0146560677715313,-1.5959383611288707
2023-05-10,New York,1.9006813944315881,-0.20567746561233902
2023-05-10,New York,-1.0579750355688198,-1.5770511173685362
2023-05-10,London,-1.0433204971422787,-1.5834405549182136
2023-05-10,New York,1.833320209246263,-0.1763077186106596
2023-05-10,Tokyo,-1.0264969885408002,-1.5907756721663238
2023-05-10,Tokyo,-0.26884651728344,0.19653171419207538
2023-05-10,Paris,-0.7045119042840295,1.6348190758351027
2023-05-10,New York,-0.821916088644882,1.686007771255623
2023-05-10,Tokyo,-1.0646923518691176,-1.5741223405109552
2023-05-10,London,-0.31350850066892527,0.2160045181371979
2023-05-10,Paris,-0.6617793866269203,1.6161875266887928
2023-05-10,Tokyo,-0.27460581579749077,0.19904279145117412
2023-05-10,New York,1.9452045995396268,-0.2250897616717003
2023-05-10,New York,-0.673349465919236,1.6212321276807407
2023-05-10,New York,1.7541449636034327,-0.14178699385012822
2023-05-10,London,1.885341918055067,-0.19898939236841953
2023-05-10,Paris,-1.0953802580594152,-1.560742290288551
2023-05-10,Tokyo,1.9003277336600297,-0.20552326809701182
2023-05-10,New York,-0.2606854592258308,0.1929734601358475
2023-05-10,New York,-0.9835697336234022,-1.6094921275394287
2023-05-10,Paris,-0.8114942876804746,1.681463824221668
2023-05-11,New York,-0.7030054884659356,1.6341622724944995
2023-05-11,New York,1.8117379487439405,-0.16689776644111726
2023-05-11,Tokyo,-1.070664294517966,-1.5715185495559316
2023-05-11,Tokyo,-0.24815288542864095,0.18750920767813495
2023-05-11,Paris,-1.0484508166891908,-1.581203715012324
2023-05-11,Tokyo,-0.3166533955046194,0.2173757049032428
2023-05-11,Paris,-1.0553069112669353,-1.5782144302689813
2023-05-11,Tokyo,-0.665965118543467,1.618012522598048
2023-05-11,New York,-0.7064346549344648,1.6356574028329909
2023-05-11,Paris,1.8326240794997144,-0.17600420324821145
2023-05-11,Tokyo,-0.305989851734337,0.21272635703602671
2023-05-11,New York,1.7809202177134507,-0.1534611120675168
2023-05-11,New York,1.8339670950879112,-0.17658976343299912
2023-05-11,Tokyo,-0.8098580470221883,1.680750416729868
2023-05-11,Tokyo,1.9216078156550083,-0.21480146922497625
2023-05-11,New York,-1.1032950965925217,-1.5572913889328672
2023-05-11,Paris,-0.24870576017911505,0.18775026328753974
2023-05-12,Tokyo,-0.9532466800012315,-1.6227131005782984
2023-05-12,Tokyo,1.932933913782135,-0.21973969345002112
2023-05-12,Paris,-0.2691352656349024,0.19665760963180498
2023-05-12,Paris,-0.8004793214979472,1.676661254772765
2023-05-12,Paris,-0.33737836438981017,0.22641187448816188
2023-05-12,Tokyo,1.766135854446717,-0.14701507036664282
2023-05-12,Paris,1.9413053776152287,-0.22338968526853256
2023-05-13,London,-0.9294730657308344,-1.633078491782686
2023-05-13,London,-0.7276140107603285,1.6448916869470966
2023-05-13,New York,1.7546978383539076,-0.14202804945953285
2023-05-13,Paris,-0.4030160129036164,0.2550301525860306
2023-05-13,New York,-1.0052706271693492,-1.6000304508868972
2023-05-13,Paris,-0.6789990848269174,1.6236953841914148
2023-05-13,London,-0.7019064540429275,1.6336830890766147
2023-05-13,Paris,-0.4285176405641604,0.2661489645615121
2023-05-13,London,1.7775984924919772,-0.15201282654380854
2023-05-13,Paris,1.956103171037844,-0.22984158257125423
2023-05-13,New York,-0.9531974360963312,-1.6227345711184076
2023-05-13,Paris,-0.937425956372273,-1.6296109995551005
2023-05-13,New York,1.908430594375484,-0.20905614787856522
2023-05-13,London,-0.7482158698832679,1.6538741801817431
2023-05-13,Tokyo,-0.689875272731998,1.6284374457545558
2023-05-13,London,-0.7779770953177095,1.6668501938766438
2023-05-14,Tokyo,1.8620808880674982,-0.18884748996789305
2023-05-14,Tokyo,1.7805777487384602,-0.15331179422039592
2023-05-14,London,-0.25035766935259735,0.18847050231482848
2023-05-14,New York,1.8336291028315486,-0.17644239745316037
2023-05-14,London,-0.3361920339535697,0.22589462965826623
2023-05-14,Paris,-0.26629702602517985,0.19542012577461998
2023-05-14,Tokyo,1.876406387674931,-0.19509346527229784
2023-05-14,Paris,-0.7286593245598084,1.6453474479575898
2023-05-14,Tokyo,-0.24202201926852254,0.1848361254345785
2023-05-14,Tokyo,-0.7350498404003115,1.6481337385035393
2023-05-15,New York,-1.0564439977982756,-1.577718655979194
2023-05-15,New York,-1.0126639279823726,-1.5968069420696391
2023-05-15,New York,-0.9735911278030998,-1.613842839712403
2023-05-15,Paris,1.8295575272399982,-0.17466717415961222
2023-05-15,Tokyo,-1.0609610068932442,-1.5757492218910238
2023-05-15,Tokyo,-1.0956085707094085,-1.5606427450571372
2023-05-15,Paris,-1.0255165871614165,-1.5912031311012194
2023-05-15,Paris,1.9077949003304042,-0.20877898272443204
2023-05-15,Tokyo,-0.2884187311220953,0.20506527795171803
2023-05-15,London,-0.6788513531122158,1.6236309725710887
2023-05-16,London,1.8547748832677071,-0.18566204256264618
2023-05-16,Paris,-0.9548717288629498,-1.6220045727547057
2023-05-16,New York,-0.7884929073732904,1.6714351301235333
2023-05-16,Tokyo,-0.7345081574464056,1.6478975625623413
2023-05-16,Paris,-0.36626439133261024,0.23900629812930935
2023-05-16,Tokyo,-0.9163741870272878,-1.6387896554516512
2023-05-16,Tokyo,-1.060974437049126,-1.575743366289176
2023-05-16,London,-1.029149444327489,-1.5896191908013675
2023-05-16,New York,1.9415359286245355,-0.2234902064335874
2023-05-16,London,1.9193828864972293,-0.2138313911855111
2023-05-16,London,-1.0810278981402182,-1.566999976796651
2023-05-16,Tokyo,-0.9569220659942637,-1.621110617539262
2023-05-16,Tokyo,-0.6750998629025191,1.6219953077882476
2023-05-16,New York,-0.7180405479757989,1.6407176187631995
2023-05-16,New York,-0.6506525024787094,1.6113361605578247
2023-05-16,London,-1.0334806695994236,-1.5877307592054266
2023-05-17,London,-0.3198923014314876,0.21878788088222337
2023-05-17,New York,-0.9555208530639115,-1.6217215519987243
2023-05-17,New York,-1.086404437211633,-1.5646557841902173
2023-05-17,Tokyo,1.868207277508989,-0.191518620344167
2023-05-17,New York,-0.2419906822381309,0.18482246236359984
2023-05-17,Tokyo,-0.7908857134795944,1.672478403186097
2023-05-17,Paris,-0.3000917749428391,0.21015477189116635
2023-05-17,New York,-0.9597692590412409,-1.6198692299475115
2023-05-17,London,1.8123714044297066,-0.16717395566160886
2023-05-17,Paris,-1.0040193843130123,-1.6005759977923908
2023-05-17,Paris,1.9079135333740282,-0.20883070720742242
2023-05-17,Paris,-0.6986630713974323,1.6322689612303518
2023-05-17,Paris,-1.0716402191787227,-1.5710930424883194
2023-05-18,London,-0.2513335940133535,0.18889600938244078
2023-05-18,Tokyo,1.7599445525851296,-0.14431563791477026
2023-05-18,Tokyo,-0.3270416210793219,0.22190501293257778
2023-05-18,New York,-1.0024905849017818,-1.6012425604694078
2023-05-18,Paris,-0.3203668336059839,0.21899477881418175
2023-05-18,Tokyo,-0.38392952303602584,0.24670836642655297
2023-05-18,New York,-0.6883397582428261,1.627767955276615
2023-05-18,New York,1.7495966174780728,-0.13980389669097995
2023-05-18,Paris,-1.0586375899256635,-1.5767622410107076
2023-05-19,New York,-0.9294036765921109,-1.6331087457255669
2023-05-19,London,-0.904931694215851,-1.6437786282260447
2023-05-19,New York,-0.8408861838281625,1.6942788088657519
2023-05-19,Paris,-0.8116285892392945,1.6815223802401469
2023-05-19,Tokyo,-0.2930364663861785,0.20707862905374738
2023-05-19,Tokyo,-1.1108517976354424,-1.5539966369597948
2023-05-19,Paris,-1.0909281613845427,-1.562683422301123
2023-05-19,Tokyo,-0.6415356649941671,1.6073611828367556
2023-05-19,Tokyo,-1.0073590164089952,-1.599119904799552
2023-05-19,London,-0.6667933114895221,1.6183736180453339
2023-05-19,Paris,-0.8128731170176903,1.6820649993447168
2023-05-19,London,-0.23400645456630084,0.18134130706503554
2023-05-19,Paris,-0.6670283392174565,1.6184760910776719
2023-05-19,London,1.9405129984181926,-0.22304420475950787
2023-05-19,Paris,1.8774830385048016,-0.19556288935376936
2023-05-19,Paris,-0.9619807580431382,-1.6189050075098943
2023-05-19,New York,-0.7739838623021376,1.6651091282605415
2023-05-19,Tokyo,-0.7391012707580388,1.6499001783943161
2023-05-20,Tokyo,-1.0288204055083807,-1.5897626530466402
2023-05-20,London,-0.8136453509809034,1.6824016964509703
2023-05-20,Tokyo,-0.9144648665327347,-1.6396221268476914
2023-05-20,New York,-0.2439984905424854,0.1856978748398582
2023-05-20,New York,1.9558188994050092,-0.2297176389988073
2023-05-20,Tokyo,-0.9443245797769776,-1.626603172072573
2023-05-20,Paris,1.890040234254442,-0.20103787708153603
2023-05-20,Paris,-1.0621876277971305,-1.5752144102555845
2023-05-20,Paris,-0.707291946551597,1.6360311854176137
2023-05-20,New York,-1.0467451868921807,-1.581947376447004
2023-05-20,London,-0.6515232242517239,1.611715798744295
2023-05-20,London,-0.6595208820794359,1.6152028096447077
2023-05-20,Paris,-0.9833302291768405,-1.6095965524390496
2023-05-20,New York,-0.44134343943144005,0.27174106432623674
2023-05-21,New York,1.8203623471794772,-0.1706580387610976
2023-05-21,New York,1.801625041364818,-0.16248849824966413
2023-05-21,London,-0.9273578161794243,-1.6340007490737265
2023-05-21,New York,-0.9892417361242202,-1.6070191116923411
2023-05-21,Tokyo,1.917196009447782,-0.21287790401794787
2023-05-21,Paris,-0.34256016620093643,0.2286711608678024
2023-05-21,New York,1.7792145879164405,-0.15271745063283668
2023-05-21,London,1.801736959330501,-0.16253729493173005
2023-05-21,London,-1.1120739418207013,-1.5534637771916373
2023-05-22,New York,-0.7648222576313215,1.6611146318666463
2023-05-22,London,-0.917728394412053,-1.638199215598657
2023-05-22,New York,-0.6710103804364598,1.6202122770255685
2023-05-22,Tokyo,-1.1029862030072362,-1.557426067775369
2023-05-22,Tokyo,-0.8062610036051343,1.6791820913682771
2023-05-22,Paris,1.7544202817990133,-0.1419070336880099
2023-05-22,Paris,-0.8137908443362915,1.6824651321376551
2023-05-22,Tokyo,-0.917873887767441,-1.638135779911971
2023-05-22,London,-1.0173241920734155,-1.5947750482284253
2023-05-22,London,-0.23067129918894558,0.17988716593947834
2023-05-22,London,1.8690578540481806,-0.19188947512786575
2023-05-22,London,-0.648136586610154,1.6102392111449886
2023-05-22,Tokyo,-0.29973363745265325,0.20999862250855664
2023-05-22,Paris,-1.014300168640659,-1.5960935345778395
2023-05-22,Tokyo,-0.7946148200961545,1.6741043086325247
2023-05-22,Tokyo,-0.23848317319362347,0.1832931743476623
2023-05-22,London,1.8992622746267271,-0.20505872368374642
2023-05-22,Tokyo,1.7858558000000735,-0.15561304574661278
2023-05-22,London,1.804940051508351,-0.1639338559724489
2023-05-23,Paris,-0.8191494765331967,1.6848015172749595
2023-05-23,London,1.8759027568293571,-0.19487388020300184
2023-05-23,New York,-0.71390853668278,1.6389160452613363
2023-05-23,Tokyo,-0.43718232946734337,0.2699268036870353
2023-05-23,London,-0.9145476858273403,-1.6395860173029626
2023-05-23,Paris,-0.34525738917389837,0.2298471609055845
2023-05-23,Tokyo,1.7617173331615494,-0.14508857735869124
2023-05-23,London,-1.1021490566239271,-1.5577910669572204
2023-05-23,Tokyo,-0.7893725825835594,1.6718186720445696
2023-05-23,New York,1.8730130349554202,-0.19361394987206645
2023-05-23,London,-0.3986713574757997,0.2531358653882417
2023-05-23,Paris,-0.9072954016510775,-1.6427480423008174
2023-05-23,Paris,-0.4051088788618899,0.25594265054065857
2023-05-23,London,-0.7678238974709414,1.6624233588796473
2023-05-23,Tokyo,1.925789070852928,-0.21662451326694987
2023-05-24,New York,-0.9286694947372298,-1.6334288519599183
2023-05-24,Paris,-0.26686333093153614,0.19566703698587218
2023-05-24,Paris,-0.2732986139583127,0.19847284620464756
2023-05-24,Paris,-0.42815502635534725,0.26599086331161953
2023-05-24,Paris,-0.4054088190099204,0.2560734256485947
2023-05-24,London,-0.6672096463218629,1.6185551417026183
2023-05-24,Tokyo,-0.4211019561580002,0.26291569640784185
2023-05-24,New York,-0.35001614107474266,0.23192199582701686
2023-05-24,Tokyo,-0.28798001269661755,0.20487399495802106
2023-05-24,New York,-1.1010052550146459,-1.558289769047931
2023-05-24,New York,-0.6770651423799137,1.6228521775253204
2023-05-24,London,-0.3180501317163444,0.21798468749542255
2023-05-24,Paris,-0.35348335965160393,0.2334337170374107
2023-05-24,New York,-0.3802496603243668,0.24510393152023444
2023-05-24,Tokyo,-0.24732245412327244,0.18714713629720742
2023-05-24,Paris,-0.6787148131940823,1.623571440618968
2023-05-24,London,-1.0775741097192386,-1.5685058424051974
2023-05-25,London,-1.0936052391236817,-1.5615162056661127
2023-05-25,Tokyo,-0.4379814237423206,0.2702752119969849
2023-05-25,New York,1.9035800697427798,-0.2069412996778397
2023-05-25,Tokyo,1.9250727958725564,-0.2163122145017293
2023-05-25,Paris,-1.0722826283017433,-1.5708129495332621
2023-05-25,London,-0.25366820277750235,0.18991390817033052
2023-05-25,Tokyo,-0.33325530653404584,0.22461420472086327
2023-05-25,New York,-0.28092918085858404,0.2017998039878845
2023-05-25,New York,-0.7553562360938475,1.656987408497533
2023-05-25,Paris,-0.7358959402208757,1.6485026414199553
2023-05-25,Tokyo,-1.0720095484654766,-1.5709320134375024
2023-05-25,Paris,-1.1224129234905036,-1.548955939702412
2023-05-25,Paris,1.8640819812939116,-0.18971997464322682
2023-05-25,Tokyo,-1.1116531302697332,-1.5536472527162046
2023-05-25,London,-0.71056442786817,1.6374580004012143
2023-05-25,London,-0.7384566232757044,1.6496191095056185
2023-05-26,Tokyo,-0.4170147120512542,0.261133641578803
2023-05-26,Tokyo,1.8764847302509091,-0.1951276229497433
2023-05-26,New York,1.7739566818886499,-0.15042498250939176
2023-05-26,Paris,1.949235884663531,-0.22684741815970544
2023-05-26,Paris,1.775892862694967,-0.15126916510912786
2023-05-26,New York,-0.780128158618138,1.6677880661059465
2023-05-26,New York,1.7567034082989479,-0.14290248600214994
2023-05-26,Paris,-0.952926594619378,-1.6228526590890058
2023-05-26,Paris,-0.24436334311061192,0.18585695202339148
2023-05-26,New York,-0.9388115007874294,-1.6290068966311277
2023-05-26,Tokyo,-0.9809150394774,-1.6106495848380262
2023-05-26,Tokyo,-1.0789954678834137,-1.5678861245429636
2023-05-26,Paris,-0.7004403286924796,1.6330438525415543
2023-05-26,Tokyo,-0.23604112318241896,0.18222843074498843
2023-05-26,London,-0.7398153073790968,1.6502115012258944
2023-05-26,London,-0.9706185866345575,-1.615138879588067
2023-05-26,New York,1.799478454783017,-0.16155257788764468
2023-05-27,London,-0.9546031257453105,-1.6221216847916626
2023-05-27,New York,-0.973002439303607,-1.6140995102600681
2023-05-27,New York,-0.35030265106689096,0.2320469153331046
2023-05-27,Paris,1.8872355700344243,-0.1998150322289705
2023-05-27,London,-0.9849105108522854,-1.6089075432882818
2023-05-27,Paris,-1.0706799630331618,-1.5715117180204423
2023-05-27,New York,-0.6895037050859303,1.6282754407700981
2023-05-27,New York,1.9500573625316446,-0.22720558580606734
2023-05-27,London,-0.7598016176907791,1.6589256127091807
2023-05-27,Tokyo,1.9340799537507296,-0.2202393714743737
2023-05-27,Tokyo,1.7955120820792088,-0.15982322347523742
2023-05-27,New York,-0.945801896923994,-1.6259590558693064
2023-05-27,Tokyo,1.7517387273412472,-0.14073786518571688
2023-05-27,Tokyo,-0.7515040197150364,1.6553078267008323
2023-05-27,New York,-0.7059936981496733,1.6354651439056525
2023-05-27,Tokyo,-1.0587696531251698,-1.5767046609258695
2023-05-27,London,-0.7407039360266202,1.650598946881496
2023-05-27,New York,1.7866235572446598,-0.155947790985583
2023-05-27,Tokyo,1.7411647179435108,-0.13612755466415358
2023-05-27,London,-1.0737353234963096,-1.5701795686000497
2023-05-27,New York,-0.6262521476004869,1.600697507933869
2023-05-28,New York,-0.4320811085915092,0.26770265091848244
2023-05-28,London,-0.8002532472072676,1.6765626854749929
2023-05-28,Tokyo,1.8328232934786304,-0.17609106134228797
2023-05-28,Paris,1.808790029527848,-0.16561246183550796
2023-05-28,New York,1.8060569928058676,-0.1644208468594641
2023-05-28,Tokyo,1.856594669389714,-0.18645547661303424
2023-05-28,New York,-0.6241122760966267,1.5997645153727744
2023-05-28,London,-1.069231744557223,-1.5721431470863714
2023-05-28,London,-0.9340236502155078,-1.6310944186898966
2023-05-28,Tokyo,-0.3074559770847852,0.2133655935710871
2023-05-28,Tokyo,-1.1141645694196614,-1.5525522551706508
2023-05-28,London,-0.9200652415355153,-1.6371803408771255
2023-05-28,London,-0.4332965376988272,0.2682325828857156
2023-05-28,New York,-1.027018526260883,-1.590548279627898
2023-05-28,London,-1.1151270639245356,-1.5521326037048861
2023-05-28,Paris,1.7694240042784857,-0.14844871688573255
2023-05-28,London,-0.6957308206965358,1.6309904881602317
2023-05-28,Paris,-0.7383357518727665,1.6495664090889866
2023-05-28,London,1.8572236483568532,-0.18672971396624272
2023-05-28,New York,-0.6807830571999053,1.6244732033035418
2023-05-28,Tokyo,-0.4038240606158481,0.2553824646305449
2023-05-29,London,-1.0831744847220197,-1.5660640564346318
2023-05-29,London,-0.44166800153192093,0.27188257470422716
2023-05-29,Paris,-0.2881837033941608,0.2049628049193806
2023-05-29,London,-0.7847190335704574,1.669789706004279
2023-05-29,Tokyo,-0.6681139434845819,1.6189494188937084
2023-05-29,New York,-0.2868093507755725,0.2043635816636139
2023-05-29,London,1.7460689631997428,-0.13826582527227016
2023-05-29,Tokyo,-0.9573406391859183,-1.620928117948337
2023-05-29,Paris,-1.0896187211860506,-1.5632543434812913
2023-05-29,London,-0.9428651695044701,-1.6272394808067092
2023-05-29,Tokyo,-0.7264523022765381,1.6443851773872553
2023-05-29,London,-0.7141144657396369,1.6390058311563367
2023-05-29,New York,-0.2906794740288929,0.20605097092944422
2023-05-29,New York,-0.9141447811508813,-1.6397616853583994
2023-05-29,London,-0.2780036452356288,0.20052425871868826
2023-05-29,Tokyo,-1.0468727733730592,-1.58189174822945
2023-05-29,Tokyo,-0.398859379658147,0.25321784381411194
2023-05-29,Paris,-0.8274605046648216,1.6884251588851547
2023-05-29,Tokyo,-0.32023029368785055,0.2189352468620613
2023-05-29,Tokyo,-0.3602633500126841,0.2363898200369485
2023-05-29,Paris,1.7937594467366123,-0.15905906743408965
2023-05-29,Tokyo,-0.7827694226082584,1.6689396678026953
2023-05-29,Paris,-0.6584173709378008,1.61472167435954
2023-05-29,Paris,-1.0797900854397635,-1.5675396681002975
2023-05-30,Paris,1.9412449419137598,-0.2233633350602167
2023-05-30,London,-1.0364151586596335,-1.5864513102016649
2023-05-30,Tokyo,1.8761489763538597,-0.1949812329035465
2023-05-30,London,-0.6403717181510626,1.6068536973432734
2023-05-30,Paris,-1.062203296312326,-1.5752075787200954
2023-05-30,New York,-0.2814462418600398,0.2020252446590276
2023-05-30,New York,-0.7074150563138484,1.6360848617678863
2023-05-30,New York,-0.23997839721514938,0.18394509802005865
2023-05-30,New York,-0.8246692706006855,1.6872081696344372
2023-05-30,New York,-0.429305543042569,0.26649249320325463
2023-05-30,Tokyo,-0.7147658282999123,1.639289827845959
2023-05-30,London,1.7724995099754566,-0.14978964970889683
2023-05-30,London,1.7525378216162244,-0.1410862734956663
2023-05-30,London,-0.9525975558002697,-1.6229961213342794
2023-05-31,London,-0.3909266342505312,0.24975913498929805
2023-05-31,Paris,-0.3567222655784719,0.23484589301639083
2023-05-31,New York,-0.6876794422452961,1.627480054852428
2023-05-31,London,-0.6895328037570077,1.6282881279074348
2023-05-31,Tokyo,1.7384518264553535,-0.13494472309088126
2023-05-31,New York,1.8916182775705737,-0.20172591029866185
2023-05-31,New York,-0.6691592572840619,1.6194051799042022
2023-05-31,Tokyo,-1.041388793054589,-1.5842827856506672
2023-05-31,Paris,-1.1206020908057515,-1.5497454700182347
2023-05-31,London,1.909346083334771,-0.20945530473786195
2023-05-31,Paris,1.903280129594749,-0.20681052456990384
2023-05-31,Tokyo,1.7362313740162014,-0.13397659691869937
2023-05-31,New York,-0.7571178248736992,1.6577554682732458
2023-05-31,Tokyo,1.8631530621787418,-0.18931496218208166
2023-05-31,London,-0.7643924926430986,1.6609272526075143
2023-05-31,New York,-0.37593858028625476,0.24322428332706475
2023-05-31,Paris,1.9311544181277744,-0.21896382620517715
2023-05-31,Tokyo,-0.6889866440844742,1.6280500000989548
2023-05-31,New York,-0.8295287486706442,1.6893269215697286
2023-06-01,New York,-0.6266662440735142,1.6008780556575122
2023-06-01,Tokyo,-0.8243133714698135,1.6870529961854688
2023-06-01,Tokyo,-0.37893350504793366,0.24453008253914227
2023-06-01,New York,-0.974958765343747,-1.613246544257561
2023-06-01,New York,1.898192338874797,-0.20459222740319874
2023-06-01,Tokyo,-0.6518634548674,1.611864140657775
2023-06-01,Paris,-1.0121938725265038,-1.5970118881343147
2023-06-01,London,-0.4265881748357843,0.2653077097626995
2023-06-01,London,-0.6973379626837447,1.6316912085146942
2023-06-01,New York,1.9338762630531865,-0.22015056151301424
2023-06-02,London,-0.9572264828609216,-1.6209778905640435
2023-06-02,New York,1.873621868688736,-0.1938794038225038
2023-06-02,New York,-0.2329298037364298,0.18087188298356366
2023-06-02,Tokyo,-0.7442047299931865,1.65212530709651
2023-06-02,Tokyo,-0.42379022569370745,0.2640877927110587
2023-06-02,London,1.927353684013177,-0.21730669088222723
2023-06-02,Tokyo,-0.9370611038041464,-1.629770076738635
2023-06-02,Tokyo,-1.03984880184679,-1.5849542279958904
2023-06-02,New York,1.751890935774576,-0.14080422867332612
2023-06-02,New York,-0.7171026754233749,1.64030870256749
2023-06-02,New York,-1.110448892958983,-1.5541723050152307
2023-06-02,London,1.8761310694793505,-0.1949734254344157
2023-06-02,New York,1.8838959379384417,-0.19835893923613152
2023-06-02,New York,1.738317524896534,-0.1348861670724027
2023-06-02,Tokyo,-0.9326448208782927,-1.6316955938129454
2023-06-02,London,-1.009125081907474,-1.598349893156555
2023-06-03,Paris,1.875047703571538,-0.19450107355202062
2023-06-03,London,1.8739352389926487,-0.194016034532288
2023-06-03,Tokyo,-1.0180091300233962,-1.5944764125341835
2023-06-03,New York,1.7483767116521278,-0.1392720128564651
2023-06-03,Paris,-1.0917966447982428,-1.562304760048293
2023-06-03,London,-0.6714401454246826,1.6203996562847005
2023-06-03,New York,-0.7409255335986726,1.6506955643119867
2023-06-03,London,1.8566148146235368,-0.1864642600158063
2023-06-03,New York,-0.7771533790902821,1.6664910502966401
2023-06-03,London,-0.6546837876026137,1.6130938170458298
2023-06-03,Tokyo,-0.8417031849776486,1.6946350246448303
2023-06-03,London,-0.7231417688516332,1.642941771531753
2023-06-03,New York,-0.2529765497495809,0.18961234467516477
2023-06-03,New York,-0.30893553259111517,0.214010685707995
2023-06-03,Paris,-1.0119767516730787,-1.5971065536975226
2023-06-04,Tokyo,-1.0579795122874471,-1.5770491655012535
2023-06-04,New York,-0.9585001093103949,-1.620422584322136
2023-06-04,Paris,-0.7622682896544339,1.6600010915819077
2023-06-04,London,1.922339759150576,-0.21512059952568602
2023-06-04,Paris,1.8534296293201968,-0.18507550644421733
2023-06-04,London,1.8981878621561699,-0.20459027553591572
2023-06-04,Tokyo,-0.975493733219712,-1.6130132961172867
2023-06-04,London,-0.28409422092810127,0.20317977415670127
2023-06-04,Paris,-1.0425572166163204,-1.5837733482899015
2023-06-04,Tokyo,1.9129252198773161,-0.21101582263032234
2023-06-04,London,-0.42448187872162885,0.2643893562062242
2023-06-04,Paris,1.8150014766232583,-0.16832067769015213
2023-06-04,Tokyo,-0.6532758595943207,1.6124799547854434
2023-06-04,London,-1.0390676144463222,-1.585294828836709
2023-06-04,London,-0.29783774711398225,0.2091720067143639
2023-06-04,Tokyo,-0.7945633378319402,1.6740818621587745
2023-06-04,New York,-0.4260106781328593,0.2650559188832417
2023-06-04,Tokyo,-0.3397196882319,0.2274327010769756
2023-06-04,London,-0.6308788363018253,1.602714762770464
2023-06-04,London,-0.26068769758514443,0.19297443606948905
2023-06-04,Tokyo,-1.031844428941137,-1.5884441666972264
2023-06-05,New York,-0.8084881711222274,1.6801531453413843
2023-06-05,London,-0.923420542146694,-1.6357174163487975
2023-06-05,Tokyo,1.750015190669728,-0.13998639628190573
2023-06-05,Tokyo,-0.7431079339294925,1.6516470996122667
2023-06-05,New York,1.7971886132051411,-0.1605541977725814
2023-06-05,London,-0.3692526010163482,0.2403091695404622
2023-06-05,Paris,-0.420065595795775,0.26246383913191323
2023-06-05,London,-1.0931844275727132,-1.5616996811906796
2023-06-05,Paris,1.9345813462369899,-0.22045798061002736
2023-06-05,New York,-0.7509153312155433,1.6550511561531676
2023-06-05,Paris,1.941321046130424,-0.2233965168040216
2023-06-05,Tokyo,-0.7712776858919209,1.6639292244881938
2023-06-05,Paris,1.8533266647917683,-0.18503061349671665
2023-06-05,Tokyo,1.8401449667936165,-0.1792833402830233
2023-06-05,New York,-1.0695294463459397,-1.572013347912077
2023-06-05,Tokyo,-0.6994017299709406,1.6325910193319846
2023-06-05,London,1.7959888526130185,-0.16003109734083742
2023-06-05,Tokyo,-0.37125145588344804,0.24118067828215492
2023-06-05,London,-0.37254746592605753,0.24174574386047534
2023-06-05,Tokyo,1.949795474491946,-0.22709140157003302
2023-06-05,London,-0.44517998729505576,0.27341381458744785
2023-06-05,Tokyo,-0.34979902022131715,0.23182733026380906
2023-06-05,Tokyo,-0.3380767324956726,0.22671636578425156
2023-06-06,Tokyo,-0.6923106076652615,1.6294992615563046
2023-06-06,Tokyo,-0.4089991473490331,0.2576388232092607
2023-06-06,Paris,-0.36631363523751087,0.23902776866941755
2023-06-06,New York,-0.8328415204548631,1.6907713033588725
2023-06-06,London,1.894080472815601,-0.2027994373041064
2023-06-06,Tokyo,-0.6746880047888054,1.621815735998246
2023-06-06,Tokyo,-0.7318534633004034,1.6467401052637434
2023-06-06,Paris,1.7819095725300889,-0.15389247473697765
2023-06-06,Tokyo,-0.8214303646738176,1.6857959936554567
2023-06-06,London,-1.0586152063325271,-1.5767720003471204
2023-06-07,Tokyo,1.9142771889027677,-0.21160528654967567
2023-06-07,London,1.9529851365139135,-0.22848210700890473
2023-06-07,Tokyo,-0.7807593759445906,1.6680632793927965
2023-06-07,Paris,-1.0820508283465615,-1.5665539751225717
2023-06-07,Paris,-0.8153420273406589,1.6831414541510847
2023-06-07,London,-0.3350706159374254,0.22540568690396806
2023-06-07,New York,-0.7730974720139278,1.664722658538581
2023-06-07,Paris,-1.1161790928019564,-1.5516739148934688
2023-06-07,Tokyo,1.9228545817927178,-0.21534506426318767
2023-06-07,Tokyo,-0.2508635385574847,0.1886910633177655
2023-06-07,New York,-1.040173363947271,-1.5848127176179
2023-06-08,London,-0.8145272645504859,1.6827862143056476
2023-06-08,London,1.776103268470451,-0.15136090287141107
2023-06-08,London,1.7582120624763558,-0.14356026527639432
2023-06-08,Paris,-0.9905511763227118,-1.6064481905121721
2023-06-08,New York,-1.1075367874919098,-1.5554419946825788
2023-06-08,Tokyo,1.7518842206966352,-0.1408013008724016
2023-06-08,Tokyo,-1.0676134107734458,-1.5728487471090418
2023-06-08,New York,-1.0268237890005945,-1.590633185854692
2023-06-08,Tokyo,1.7427539530562102,-0.13682046754948546
2023-06-09,Tokyo,-1.0547988037027345,-1.5784359672055592
2023-06-09,New York,1.9527814458163706,-0.22839329704754516
2023-06-09,New York,-0.6974946478357011,1.6317595238695866
2023-06-09,London,-0.36259348205820563,0.2374057669575555
2023-06-09,Paris,-0.23723640705591417,0.18274957930945046
2023-06-09,Tokyo,-0.41000193232155335,0.25807604148056934
2023-06-09,New York,1.9113091244528526,-0.21031119854129435
2023-06-09,Paris,1.8460587121003103,-0.18186175696337284
2023-06-09,New York,1.9006075285742376,-0.2056452598021759
2023-06-09,Tokyo,-0.921139654006073,-1.6367118927292956
2023-06-10,London,-0.7187098174105837,1.6410094229219534
2023-06-10,Tokyo,-0.6899066097623892,1.6284511088255347
2023-06-10,New York,-0.6754781456265279,1.6221602405736295
2023-06-10,London,-0.6747215801785102,1.6218303750028658
2023-06-10,New York,-0.9231631308256227,-1.635829648717548
2023-06-10,London,-0.29366544535331734,0.20735286640695633
2023-06-10,New York,-0.432148259370919,0.26773192892772196
2023-06-10,London,-1.0353161242366258,-1.58693049361955
2023-06-10,Tokyo,-0.2650032543418835,0.19485603612994098
2023-06-10,Paris,1.7605601013963865,-0.14458401966613177
2023-06-10,New York,-0.9693651054189072,-1.6156854024272025
2023-06-10,Paris,-0.7976903257931249,1.675445241455689
2023-06-10,Tokyo,1.9095363438764328,-0.2095382590973736
2023-06-10,Paris,-0.7068868035158241,1.6358545414285364
2023-06-10,London,-0.676707004889728,1.6226960281427103
2023-06-10,New York,1.94313411717449,-0.2241870230534853
2023-06-10,London,1.8544637513231081,-0.1855263877865036
2023-06-10,Paris,-0.6833504553326749,1.6255925991901279
2023-06-10,New York,-0.9471404357935634,-1.625375447551801
